{"cameraMode":{"drawMode":0,"name":"Shaded","section":"Shading Mode"},"sceneLighting":true,"audioPlay":false,"sceneViewState":{"m_AlwaysRefresh":false,"showFog":true,"showSkybox":true,"showFlares":true,"showImageEffects":true,"showParticleSystems":true,"showVisualEffectGraphs":true,"m_FxEnabled":true},"in2DMode":false,"pivot":{"x":-0.5320104360580444,"y":0.496401309967041,"z":-1.5053061246871949},"rotation":{"x":0.019474390894174577,"y":0.05005299672484398,"z":-0.000974898983258754,"w":0.9985656142234802},"size":1.7009766101837159,"orthographic":true}