{"cameraMode":{"drawMode":0,"name":"Shaded","section":"Shading Mode"},"sceneLighting":true,"audioPlay":false,"sceneViewState":{"m_AlwaysRefresh":false,"showFog":true,"showSkybox":true,"showFlares":true,"showImageEffects":true,"showParticleSystems":true,"showVisualEffectGraphs":true,"m_FxEnabled":true},"in2DMode":false,"pivot":{"x":-63.20841979980469,"y":15.060492515563965,"z":78.72587585449219},"rotation":{"x":0.07091087847948075,"y":0.8548017144203186,"z":-0.12133224308490753,"w":0.49957719445228579},"size":9.037835121154786,"orthographic":false}