{"cameraMode":{"drawMode":0,"name":"Shaded","section":"Shading Mode"},"sceneLighting":true,"audioPlay":false,"sceneViewState":{"m_AlwaysRefresh":false,"showFog":true,"showSkybox":true,"showFlares":true,"showImageEffects":true,"showParticleSystems":true,"showVisualEffectGraphs":true,"m_FxEnabled":true},"in2DMode":false,"pivot":{"x":-60.16292953491211,"y":17.586692810058595,"z":98.41466522216797},"rotation":{"x":0.00440782168880105,"y":-0.990178108215332,"z":0.13600513339042664,"w":0.032091282308101657},"size":5.163501262664795,"orthographic":false}