{"cameraMode":{"drawMode":0,"name":"Shaded","section":"Shading Mode"},"sceneLighting":true,"audioPlay":false,"sceneViewState":{"m_AlwaysRefresh":false,"showFog":true,"showSkybox":true,"showFlares":true,"showImageEffects":true,"showParticleSystems":true,"showVisualEffectGraphs":true,"m_FxEnabled":true},"in2DMode":false,"pivot":{"x":-16.697559356689454,"y":16.3734188079834,"z":-1.524646282196045},"rotation":{"x":0.00007475204620277509,"y":0.998609721660614,"z":-0.05247524380683899,"w":0.0014966520247980953},"size":19.341638565063478,"orthographic":true}